{
  "project_info": {
    "project_number": "642422552867",
    "firebase_url": "https://login-d1e09.firebaseio.com",
    "project_id": "login-d1e09",
    "storage_bucket": "login-d1e09.appspot.com"
  },
  "client": [
    {
      "client_info": {
        "mobilesdk_app_id": "1:642422552867:android:a84e98a2bb483d0a6d3496",
        "android_client_info": {
          "package_name": "com.example.fyp"
        }
      },
      "oauth_client": [
        {
          "client_id": "642422552867-p78disbrallkjeo2gne1v0h43v0gu3kb.apps.googleusercontent.com",
          "client_type": 3
        }
      ],
      "api_key": [
        {
          "current_key": "AIzaSyCpnuOVIaxewCkX-ZVJsfbrd6ybUXSnvsM"
        }
      ],
      "services": {
        "appinvite_service": {
          "other_platform_oauth_client": [
            {
              "client_id": "642422552867-p78disbrallkjeo2gne1v0h43v0gu3kb.apps.googleusercontent.com",
              "client_type": 3
            }
          ]
        }
      }
    }
  ],
  "configuration_version": "1"
}